ts,step,val_rmse
1758212978,0,1.0980082261136508
1758212978,1,0.6899313018384319
1758212979,2,1.3491652464609416
1758212979,3,1.6166863464509773
1758212979,4,1.1235187909536783
1758212979,999999,1.214729874873814
